0wfbD5rAksdXUzRvMfM3x5	The One	The Chainsmokers	Memories...Do Not Open	177573	Pop	10
6cPyTS0Kk2sc4xQwC93kOg	Break Up Every Night	The Chainsmokers	Memories...Do Not Open	207520	Pop	10
26AuyrZGzWWiYZPSd3XBIg	Bloodstream	The Chainsmokers	Memories...Do Not Open	224280	Pop	10
1pJQAHpD51J7GYaFrrFO9S	Don't Say	The Chainsmokers, Emily Warren	Memories...Do Not Open	228480	Pop	10
6RUKPb4LETWmmr3iAEQktW	Something Just Like This	The Chainsmokers, Coldplay	Memories...Do Not Open	247160	Pop	10
6V9kwssTrwkKT72imgowj9	My Type	The Chainsmokers, Emily Warren	Memories...Do Not Open	217413	Pop	10
5xhJmd0I15jFcEdqxfCzKk	It Won't Kill Ya	The Chainsmokers, Louane	Memories...Do Not Open	217613	Pop	10
72jbDTw1piOOj770jWNeaG	Paris	The Chainsmokers	Memories...Do Not Open	221506	Pop	10
6KjbNLbRjuoa8rEq5yNA6H	Honest	The Chainsmokers	Memories...Do Not Open	208000	Pop	10
0dj1CtyRxZ4bnIT4Q20jNT	Wake Up Alone	The Chainsmokers, Jhene Aiko	Memories...Do Not Open	215720	Pop	10
1KeZgPUr54C8iz3FjqzVoz	Young	The Chainsmokers	Memories...Do Not Open	224773	Pop	10
6GeD5g9vZTz25Egf8kxoIY	Last Day Alive	The Chainsmokers, Florida Georgia Line	Memories...Do Not Open	214306	Pop	10
4NBTZtAt1F13VvlSKe6KTl	This Feeling	The Chainsmokers, Kelsea Ballerini	Sick Boy	197946	Pop	10
2bQhVQbV7VBzSOPo8mbkUR	Beach House	The Chainsmokers	Sick Boy	206120	Pop	10
4BiiOzZCrXEzHRLYcYFiD5	Hope	The Chainsmokers, Winona Oak	Sick Boy	180120	Pop	10
0fTiDOXRNEN0lUeYGoSHml	Somebody	The Chainsmokers, Drew Love	Sick Boy	221986	Pop	10
0bGLvHd0ApdT4t0shCfpzG	Side Effects	The Chainsmokers, Emily Warren	Sick Boy	172746	Pop	10
58kZ9spgxmlEznXGu6FPdQ	Sick Boy	The Chainsmokers	Sick Boy	193200	Pop	10
6ufrOaf4v6Qady6GiIpQ0s	Everybody Hates Me	The Chainsmokers	Sick Boy	223466	Pop	10
3K01yfjGY0NslZrXkWVAtK	Siren	The Chainsmokers, Aazar	Sick Boy	174306	Pop	10
3CgTgHLI8qHAqLoZkz1BdQ	You Owe Me	The Chainsmokers	Sick Boy	190013	Pop	10
27i7Afdxq40V7qCqHnRTt6	Save Yourself	The Chainsmokers, NGHTMRE	Sick Boy	210453	Pop	10
6P96iNvvhscQktBDFiF9a9	Don't Save Me	Winona Oak	Don't Save Me	277482	Pop	10
0qhCDQuqUm6wbJjAk7SlHR	Rock N Roll	Avril Lavigne	Avril Lavigne	206880	Pop	10
1rdreHH1v6kyrx2mFQvLR4	Here's to Never Growing Up	Avril Lavigne	Avril Lavigne	214320	Pop	10
132xU8ov5n0jgmkYr8tsrL	17	Avril Lavigne	Avril Lavigne	204946	Pop	10
5rMr5qtkqv2ObPHOBuxJMa	Bitchin' Summer	Avril Lavigne	Avril Lavigne	210573	Pop	10
0Swvh86QCHSVk3yXUDeEM8	Let Me Go	Avril Lavigne, Chad Kroeger	Avril Lavigne	267973	Pop	10
5nugxvd978uqqJOa7d4E0T	Give You What You Like	Avril Lavigne	Avril Lavigne	225266	Pop	10
0DJLpR7cv97zg4indE9kQT	Bad Girl	Avril Lavigne, Marilyn Manson	Avril Lavigne	174893	Pop	10
40NOI5V57KUAxMhGxXFNXH	Hello Kitty	Avril Lavigne	Avril Lavigne	196240	Pop	10
0l9zAYj2IyKXYbs2dYtKls	You Ain't Seen Nothin' Yet	Avril Lavigne	Avril Lavigne	193280	Pop	10
5cPvjGQkJiLf7V55BixkuS	Sippin' On Sunshine	Avril Lavigne	Avril Lavigne	209360	Pop	10
2ddRUysq3qzWpRNo7sTPAz	Hello Heartache	Avril Lavigne	Avril Lavigne	229426	Pop	10
1XxBjMFXFMLUctAgqkProq	Falling Fast	Avril Lavigne	Avril Lavigne	193720	Pop	10
2VzMfpK8mT1iOue8aGuI2q	Hush Hush	Avril Lavigne	Avril Lavigne	239373	Pop	10
1tSOf7kzZ1rdYXEuk25kQW	Real Love	Clean Bandit, Jess Glynne	New Eyes	219691	Pop	10
0JLHiTVnyVLqm33jAQxdbm	Come Over (feat. Stylo G)	Clean Bandit, Stylo G	New Eyes	223063	Pop	10
1h9j1FfcLUvGFYUumJd84S	Rather Be (feat. Jess Glynne)	Clean Bandit, Jess Glynne	New Eyes	227833	Pop	10
2jFaiRcxz3N37rF1fpkgpU	Show Me Love (feat. Elisabeth Troy)	Clean Bandit, Elisabeth Troy	New Eyes	206100	Pop	10
62AFRT2PEvs521DFVNBfre	Extraordinary (feat. Sharna Bass)	Clean Bandit, Sharna Bass	New Eyes	256676	Pop	10
2ungZxXaniYodyrwkaZbwI	Mozart's House (feat. Love Ssega)	Clean Bandit, Love Ssega	New Eyes	230419	Pop	10
1LGqzzZxPXrdMiZLjgqXNN	Stronger	Clean Bandit	New Eyes	222025	Pop	10
01aRNLqvLGM2XlLgYNTgRN	Up Again (feat. Rae Morris) - Drumsound & Bassline Smith Remix	Clean Bandit, Rae Morris, Andy Wright, Simon Smith	New Eyes	208649	Pop	10
6dO3Uv6o1uFm7GxNJKC4KF	Cologne (feat. Nikki Cislyn & Javeon)	Clean Bandit, Nikki Cislyn, Javeon	New Eyes	245664	Pop	10
0uNX6zpsHtFLsk4VjrOcoP	Heart On Fire (feat. Elisabeth Troy)	Clean Bandit, Elisabeth Troy	New Eyes	242253	Pop	10
5pe9juIfE2PJ8IyGfw4jdx	Dust Clears (feat. Noonie Bao)	Clean Bandit, Noonie Bao	New Eyes	266710	Pop	10
5WmGGCIVPj0lnDDb5HhKiI	New Eyes (feat. Lizzo)	Clean Bandit, Lizzo	New Eyes	226442	Pop	10
2K3xhwYzFqn1XnEdDWzsNf	A+E (feat. Kandaka Moore & Nikki Cislyn)	Clean Bandit, Kandaka Moore, Nikki Cislyn	New Eyes	246584	Pop	10
72gv4zhNvRVdQA0eOenCal	Symphony (feat. Zara Larsson)	Clean Bandit, Zara Larsson	What Is Love? (Deluxe)	212733	Pop	10
5XWCc9wQes7X5uyYH9h5JR	Baby (feat. Marina and The Diamonds & Luis Fonsi)	Clean Bandit, Marina, Luis Fonsi	What Is Love? (Deluxe)	205440	Pop	10
3NuK5xMlSlB6K2Qp16zf3h	Solo (feat. Demi Lovato)	Clean Bandit, Demi Lovato	What Is Love? (Deluxe)	222706	Pop	10
2hrUO4drrO63i7FYbCLBl2	Rockabye (feat. Sean Paul & Anne-Marie)	Clean Bandit, Sean Paul, Anne-Marie	What Is Love? (Deluxe)	251173	Pop	10
3WDIhWoRWVcaHdRwMEHkkS	Mama (feat. Ellie Goulding)	Clean Bandit, Ellie Goulding	What Is Love? (Deluxe)	189973	Pop	10
1t3HCpt49x27PE1uuy06md	Should've Known Better (feat. Anne-Marie)	Clean Bandit, Anne-Marie	What Is Love? (Deluxe)	215080	Pop	10
7DKSHIR389td3F1MrTOerW	Out at Night (feat. KYLE & Big Boi)	Clean Bandit, KYLE, Big Boi	What Is Love? (Deluxe)	234546	Pop	10
6Vly9VOZmMnHDDambtb32p	Last Goodbye (feat. Tove Styrke & Stefflon Don)	Clean Bandit, Tove Styrke, Stefflon Don	What Is Love? (Deluxe)	199946	Pop	10
4w1Lnjryh7voWNEfNdj37G	We Were Just Kids (feat. Craig David & Kirsten Joy)	Clean Bandit, Craig David, Kirsten Joy	What Is Love? (Deluxe)	209133	Pop	10
0zZE4gBv25outVrHKJgiry	Nowhere (feat. Rita Ora & KYLE)	Clean Bandit, Rita Ora, KYLE	What Is Love? (Deluxe)	226040	Pop	10
0Ult84lvFuqNvbyXwyRQ58	I Miss You (feat. Julia Michaels)	Clean Bandit, Julia Michaels	What Is Love? (Deluxe)	205986	Pop	10
2sXGKXPb0lZq7CXGoSg3U5	In Us I Believe (feat. ALMA)	Clean Bandit, ALMA	What Is Love? (Deluxe)	207786	Pop	10
7iGYKBPel065LynLZBnaqg	24 Hours (feat. Yasmin Green)	Clean Bandit, Yasmin Green	What Is Love? (Deluxe)	182880	Pop	10
3uYOVV9hpYLk6scE9xvAqt	Playboy Style (feat. Charli XCX & Bhad Bhabie)	Clean Bandit, Charli XCX, Bhad Bhabie	What Is Love? (Deluxe)	220067	Pop	10
3ZkxpOQ1fyA27Lt79y2UVG	Beautiful (feat. DaVido & Love Ssega)	Clean Bandit, DaVido, Love Ssega	What Is Love? (Deluxe)	224293	Pop	10
4cKyHIo4oIZTLW5MujF9nL	Tears (feat. Louisa Johnson)	Clean Bandit, Louisa	What Is Love? (Deluxe)	228066	Pop	10
5A7tTmDsoWLlTwhrWzyO6K	Intro (Delirium)	Ellie Goulding	Delirium (Deluxe)	114422	Pop	10
61UAQl3ilqvdUfupTwSgXm	Aftertaste	Ellie Goulding	Delirium (Deluxe)	226056	Pop	10
3ZCDG0nujwGfxrEmZlZoEt	Something In The Way You Move	Ellie Goulding	Delirium (Deluxe)	227423	Pop	10
3tjcKdFI42yyGujNGio2bJ	Keep On Dancin'	Ellie Goulding	Delirium (Deluxe)	226499	Pop	10
4nS1sut0R2mgmFitKIShVe	On My Mind	Ellie Goulding	Delirium (Deluxe)	213445	Pop	10
5ct62D7rH6ksiky0CV2HZc	Around U	Ellie Goulding	Delirium (Deluxe)	197851	Pop	10
5DiRcqIW1nLBzcDYKkFKId	Codes	Ellie Goulding	Delirium (Deluxe)	196212	Pop	10
6thCbW8DE8kO1XVQALfFzm	Holding On For Life	Ellie Goulding	Delirium (Deluxe)	255231	Pop	10
2l8w0zZVn4AZNuzrht7MRT	Love Me Like You Do - From Fifty Shades Of Grey""	Ellie Goulding	Delirium (Deluxe)	252534	Pop	10
2R5BnsnBL4TINdpKVXlLC9	Don't Need Nobody	Ellie Goulding	Delirium (Deluxe)	213994	Pop	10
6XrgvAIdjFKm3UsdHmZhSA	Don't Panic	Ellie Goulding	Delirium (Deluxe)	196379	Pop	10
6Py2qpzKgOafz0a2jg3v8b	We Can't Move To This	Ellie Goulding	Delirium (Deluxe)	208319	Pop	10
7bRdgoVxY11MCbGBt69plO	Army	Ellie Goulding	Delirium (Deluxe)	237408	Pop	10
5ojo0w1Jqg37MYlcKtIJJT	Lost And Found	Ellie Goulding	Delirium (Deluxe)	216877	Pop	10
4elU36XAVPHYReonz6qqcR	Devotion	Ellie Goulding	Delirium (Deluxe)	226540	Pop	10
4Sdm1ZjccyHgI5Sp8KD3z4	Scream It Out	Ellie Goulding	Delirium (Deluxe)	189700	Pop	10
7bbmEmHMczUCXsGx3QQgmg	The Greatest	Ellie Goulding	Delirium (Deluxe)	211107	Pop	10
3g8XZjvA69Dee7oom9EYHi	I Do What I Love	Ellie Goulding	Delirium (Deluxe)	171700	Pop	10
5Z4Wo3FE6P7qtZOSM8pFRH	Paradise	Ellie Goulding	Delirium (Deluxe)	224774	Pop	10
1oFl0NGpjRyjGS9LCfYcql	Winner	Ellie Goulding	Delirium (Deluxe)	200245	Pop	10
2m3Fxma8rzIbHTnsq8Hpip	Heal	Ellie Goulding	Delirium (Deluxe)	292537	Pop	10
7MmG8p0F9N3C4AXdK6o6Eb	Outside	Calvin Harris, Ellie Goulding	Motion	227266	Pop	10
37jalmkAdkohJQj98FGU7r	Powerful	Major Lazer, Ellie Goulding, Tarrus Riley	Powerful (Remixes)	206920	Pop	10
50zdKZDSdErN1vEQgRa2Bm	Same as Me	Tyler Shaw	Intuition	216853	Pop	10
7d92csqLODLZ0JFxS4PoUW	Cautious	Tyler Shaw	Intuition	171013	Pop	10
2GSwRDfIZ03rid7o7QBROJ	The Wall	Tyler Shaw	Intuition	175413	Pop	10
0lnfjcwBcripJPtXuSu7d3	With You	Tyler Shaw	Intuition	200733	Pop	10
27f1Lt2H74ieGCKAybxOgD	Overthink	Tyler Shaw	Intuition	199586	Pop	10
5PebmdoxWZkuaIzzWpiBMG	To the Man Who Let Her Go	Tyler Shaw	Intuition	201160	Pop	10
4wqi3KadWl3BZtJmGQG2be	If I Ever Lost You	Tyler Shaw	Intuition	187946	Pop	10
1EEWd9DhUod0BlxTyITctF	Wanted	Tyler Shaw	Intuition	195773	Pop	10
3c69AERFg61WoeJdrtMU9e	Anybody Out There	Tyler Shaw, Amaal Nuux	Intuition	199613	Pop	10
0etF2ldFi4b8pVPLUR1Qvl	My Friend	Tyler Shaw	Intuition	215266	Pop	10
1lBEWKj60z0XZQ670Zsmg1	Help Me (feat. TiKA)	Tyler Shaw, TiKA	Intuition	295386	Pop	10
16w8ZGVSjI4TlTLV8VimBY	Castle	Halsey	BADLANDS (Deluxe)	277623	Pop	10
4U38hORPx8SsUAXGumsUYN	Hold Me Down	Halsey	BADLANDS (Deluxe)	204785	Pop	10
3UhxppZQkfk9WniMtjpESF	New Americana	Halsey	BADLANDS (Deluxe)	183808	Pop	10
3ek4HgBlmvkTWgfT5sTSe9	Drive	Halsey	BADLANDS (Deluxe)	258764	Pop	10
5Dg2h1wsm7ZijCo0yLmbvR	Hurricane	Halsey	BADLANDS (Deluxe)	223081	Pop	10
6s8PRmROPJHlqZmu9Bbviz	Roman Holiday	Halsey	BADLANDS (Deluxe)	201549	Pop	10
5dcYoYFAXh0f0qI05AoufB	Ghost	Halsey	BADLANDS (Deluxe)	153656	Pop	10
4FqMPJlvfY5Nfo3gRKcNxl	Colors	Halsey	BADLANDS (Deluxe)	249499	Pop	10
2FBkPf8hS5Jam6YEnV8DBF	Colors pt. II	Halsey	BADLANDS (Deluxe)	96475	Pop	10
6zQq3TrWnilO8SR1fgvTeD	Strange Love	Halsey	BADLANDS (Deluxe)	247282	Pop	10
4lKXjLzAV0Nxwln8MxHVtQ	Coming Down	Halsey	BADLANDS (Deluxe)	223299	Pop	10
1r1WtSrPbAOYHE7zwq4eqK	Haunting	Halsey	BADLANDS (Deluxe)	260797	Pop	10
2IO7yf562c1zLzpanal1DT	Gasoline	Halsey	BADLANDS (Deluxe)	199593	Pop	10
3SKzTIl9mW0DadTys9SFo3	Control	Halsey	BADLANDS (Deluxe)	214761	Pop	10
5x2XIAdvFxWCwIOMNkbWUj	Young God	Halsey	BADLANDS (Deluxe)	180088	Pop	10
36dfGEKTGHxLmdNIYr0VTi	I Walk The Line	Halsey	BADLANDS (Deluxe)	165213	Pop	10
7gBHiMoHNnPCqt1YR7sM2P	The Prologue	Halsey	hopeless fountain kingdom (Deluxe)	107684	Pop	10
5EBvHC0SGFJDenBJafqOX4	100 Letters	Halsey	hopeless fountain kingdom (Deluxe)	209980	Pop	10
2WQn7Yvs728KZmmY6tgWqH	Eyes Closed	Halsey	hopeless fountain kingdom (Deluxe)	202438	Pop	10
2zRiYzBzeabQQ16BK3c6jk	Heaven In Hiding	Halsey	hopeless fountain kingdom (Deluxe)	207173	Pop	10
2Te14aSrBgFj1CE2sBBVMX	Alone	Halsey	hopeless fountain kingdom (Deluxe)	205660	Pop	10
7i2DJ88J7jQ8K7zqFX2fW8	Now Or Never	Halsey	hopeless fountain kingdom (Deluxe)	214801	Pop	10
44n97yHySt0Z9rqPaXgjCK	Sorry	Halsey	hopeless fountain kingdom (Deluxe)	220540	Pop	10
6Ck8Lq4srTWQP1PXZ9P8aZ	Good Mourning	Halsey	hopeless fountain kingdom (Deluxe)	67579	Pop	10
3BRO4QR9ZDj9Ae3VtbjeUr	Lie	Halsey, Quavo	hopeless fountain kingdom (Deluxe)	149106	Pop	10
5ln5yQdUywVbf8HhFsOcd6	Walls Could Talk	Halsey	hopeless fountain kingdom (Deluxe)	101789	Pop	10
7y9iMe8SOB6z3NoHE2OfXl	Bad At Love	Halsey	hopeless fountain kingdom (Deluxe)	181279	Pop	10
7hHTbI9DRg8u9oJ92RQJkw	Don’t Play	Halsey	hopeless fountain kingdom (Deluxe)	210761	Pop	10
11EDhDAVDtGPoSar6ootYA	Strangers	Halsey, Lauren Jauregui	hopeless fountain kingdom (Deluxe)	221205	Pop	10
4vTsOYAocjaslUONkx2YS3	Angel On Fire	Halsey	hopeless fountain kingdom (Deluxe)	194904	Pop	10
2bDXmdP23tCK9uj8e2o3ya	Devil In Me	Halsey	hopeless fountain kingdom (Deluxe)	249239	Pop	10
0FV5UJ3aGray3oeNBpJ8oc	Hopeless	Halsey, Cashmere Cat	hopeless fountain kingdom (Deluxe)	187241	Pop	10
7vFoFDWqTX0mHzLfrF1Cfy	Cheerleader - Felix Jaehn Remix Radio Edit	OMI, Felix Jaehn	Me 4 U	180565	Pop	10
3VW42XrGdzQ8HLpJKLkZkZ	Babylon	OMI	Me 4 U	203581	Pop	10
07idyjb93qYavu1s29HtBi	Drop In the Ocean	OMI, AronChupa	Me 4 U	177624	Pop	10
2yAyYrQvMjGDSrDPczlqaE	These Are the Days - Luca Schreiner Remix	OMI, Luca Schreiner	Me 4 U	188213	Pop	10
0wsXdby1T3PWLauIkGUZzg	Hula Hoop	OMI	Me 4 U	205474	Pop	10
2G8XR0sPEMD62TxeOpGDdX	Standing On All Threes	OMI	Me 4 U	197009	Pop	10
455sO7hiKp56nQSqsPPK73	Promised Land	OMI	Me 4 U	178294	Pop	10
6MrrKe8ewhFykqBz1QDB8q	Color of My Lips	OMI, Busy Signal	Me 4 U	190997	Pop	10
6HTfgaI83izjeVDS5IQO6y	Stir It	OMI	Me 4 U	220139	Pop	10
0u9oMch13s4jvrT8g9z2wg	Fireworks	OMI	Me 4 U	195083	Pop	10
39RlBHFFLP9J2JgqcpMamX	Midnight Serenade	OMI, Erik Hassle	Me 4 U	207548	Pop	10
07PPZmJMH1bKf6iSfC50aC	Hitchhiker	OMI	Me 4 U	205957	Pop	10
5t22aMwqzk7XbLf5k7pbE8	Me 4 U	OMI, Sarah West	Me 4 U	190301	Pop	10
2HZ0hUxPBJvjILRVHrNzKE	Sing It Out Loud - Freddy Verano Remix	OMI, Freddy Verano	Me 4 U	221151	Pop	10
3u3CzBYyOGIr7AqbB8Fh9n	As Long As I'm With You	OMI, CMC$	As Long As I'm With You	188148	Pop	10
29zZG2ryBHCK6WM3k6gZpR	X's - Seth Hills Remix	CMC$, Grx, Icona Pop, Seth Hills	X's (Seth Hills Remix)	173333	Pop	10
312WNtMs3F28cUukaPY9bo	American Teen	Khalid	American Teen	250746	Pop	10
5Z3GHaZ6ec9bsiI5BenrbY	Young Dumb & Broke	Khalid	American Teen	202546	Pop	10
152lZdxL1OR0ZMW6KquMif	Location	Khalid	American Teen	219080	Pop	10
52Qu0no0NBho3zyRmjlsHn	Another Sad Love Song	Khalid	American Teen	244746	Pop	10
248OFOZef6ShXv6DGgbnxU	Saved	Khalid	American Teen	206533	Pop	10
39KG4kom3enSx4GTThuDGt	Coaster	Khalid	American Teen	199120	Pop	10
5bgwqaRSS3M8WHWruHgSL5	8TEEN	Khalid	American Teen	228600	Pop	10
6AIccJIWHGK26xi34FAkwl	Let's Go	Khalid	American Teen	204546	Pop	10
3JTtZUOiZljuWbNiasfHB6	Hopeless	Khalid	American Teen	167640	Pop	10
34izzOmykADkGT27pUjUvJ	Cold Blooded	Khalid	American Teen	207960	Pop	10
4V3VshJLUTCIWa77YiAkvM	Winter	Khalid	American Teen	241866	Pop	10
25YvGDl2zSE0pH8jrMZ6aY	Therapy	Khalid	American Teen	257959	Pop	10
6SWHTMywuTXLFlMQ75cAuu	Keep Me	Khalid	American Teen	276226	Pop	10
1Ob94QesoxHSBrypyBbdfd	Shot Down	Khalid	American Teen	207106	Pop	10
67kXYrMTQbS7MVbXyGyxHm	Angels	Khalid	American Teen	170680	Pop	10
7EROK3PMgkCG3wdwcbeauW	9.13	Khalid	Suncity	55720	Pop	10
7stcuQtnHL7C6XdPvpwywv	Vertigo	Khalid	Suncity	270413	Pop	10
7vGGAJBkHKxKtOnGjQduDV	Saturday Nights	Khalid	Suncity	209546	Pop	10
0v75ti1d2M6pd0sC42UNNN	Salem's Interlude	Khalid	Suncity	81933	Pop	10
65DzdjRWH35DNsBZBjW523	Motion	Khalid	Suncity	235880	Pop	10
2OpBganfGk2GVdSlRdxzaX	Better	Khalid	Suncity	229320	Pop	10
6SkHm6poyKfzV6kc9any8k	Suncity (feat. Empress Of)	Khalid, Empress Of	Suncity	189493	Pop	10
1aS1uzcAC14lduwuNJZjqE	Know Me	Marshmello	Joytime	206197	Pop	10
1Hk0QRlUFCHYG6zIvUh0Xd	Summer	Marshmello	Joytime	233239	Pop	10
6aWiGv6hPG0o3ri7QHNs8t	Find Me	Marshmello	Joytime	180000	Pop	10
2D6VbgcGFSBhhZJHbVAN1Q	Take It Back	Marshmello	Joytime	233239	Pop	10
05KizhJc5qATFI2D7SauJ5	Bounce	Marshmello	Joytime	212571	Pop	10
4wXum3jZgEGLxScTygQ5US	Blocks	Marshmello	Joytime	209577	Pop	10
1KDX8TC34n6CNryBEEMclR	Show You	Marshmello	Joytime	177464	Pop	10
1V3BpCUSyBt9PDZ309652A	Want U 2	Marshmello	Joytime	182535	Pop	10
68pL3hokJXKJ1vJSaEhKr7	Home	Marshmello	Joytime	228413	Pop	10
0Q3SC6kEhxYagDP3bFe5K9	Keep It Mello (feat. Omar LinX)	Omar LinX, Marshmello	Joytime	243380	Pop	10
6GRMKQ3RrivYgLEO6h7ebu	Stars	Marshmello	Joytime II	246760	Pop	10
6kwH41LJ6hfxlGn2c4oh6Y	Together	Marshmello	Joytime II	246760	Pop	10
6pbhkfdG5RvTJaC3VKPaJn	Rooftops	Marshmello	Joytime II	177464	Pop	10
1LwVrOwwPJPU5lVuQDPnGA	Check This Out	Marshmello	Joytime II	219718	Pop	10
0gsDBm94QELEJAcGS59f1b	Flashbacks	Marshmello	Joytime II	165633	Pop	10
1FPJZZjcwG2IGF0UVLrmKL	Tell Me	Marshmello	Joytime II	158400	Pop	10
7fEfIU4ZVvB5Wb6xg2zcvx	Paralyzed	Marshmello	Joytime II	219718	Pop	10
621yo2vtUSnmTfmENTKoNm	Power	Marshmello	Joytime II	222000	Pop	10
5UthTi0MlB4K0TznWFynNn	Imagine	Marshmello	Joytime II	231272	Pop	10
1O7vJOWNqVEjOsC53IX9S8	Wild World - Intro	Other People's Heartache, Bastille, Kianja	Other People’s Heartache (Pt. 4)	123214	Pop	10
4306JhzO4iTpcjlssseJa0	Would I Lie To You?	Other People's Heartache, Bastille, Kianja, S-X, Craig David	Other People’s Heartache (Pt. 4)	235636	Pop	10
72LdECwKyf3kGV1pd9HxS7	Grip	Seeb, Bastille	Other People’s Heartache (Pt. 4)	198074	Pop	10
4APBr4oqr0WmfOU4BNwgTq	Don't Let Go (Love)	Other People's Heartache, Bastille, Craig David, Kianja, Swarmz	Other People’s Heartache (Pt. 4)	248470	Pop	10
2th0MaBWUzm4fgXrKSx7xL	Flowers	Other People's Heartache, Bastille, Rationale, James Arthur	Other People’s Heartache (Pt. 4)	226516	Pop	10
54bqtn4yFAPD9OoIecweDA	The Descent	Other People's Heartache, Bastille, Lily Moore, Moss Kena, Jacob Banks	Other People’s Heartache (Pt. 4)	342012	Pop	10
41LPNdZSw4hyZm1ZUVZfTu	Warmth - Outro	Other People's Heartache, Bastille, Moss Kena	Other People’s Heartache (Pt. 4)	66214	Pop	10
4TZdeM7zelZGz6JPrXSEZ1	Moonlight	Ariana Grande	Dangerous Woman	202360	Pop	10
7l94dyN2hX9c6wWcZQuOGJ	Dangerous Woman	Ariana Grande	Dangerous Woman	235946	Pop	10
6f5TuB9WtbA1g49A4DcMQ4	Be Alright	Ariana Grande	Dangerous Woman	179293	Pop	10
2meEiZKWkiN28gITzFwQo5	Into You	Ariana Grande	Dangerous Woman	244453	Pop	10
1pKeFVVUOPjFsOABub0OaV	Side To Side	Ariana Grande, Nicki Minaj	Dangerous Woman	226160	Pop	10
5AKlnLpP3WLwZseNbjquND	Let Me Love You	Ariana Grande, Lil Wayne	Dangerous Woman	223853	Pop	10
2tpIAmAq9orm1Owh5pja1w	Greedy	Ariana Grande	Dangerous Woman	214906	Pop	10
0zXXqCxifU2u8jfW2r4POb	Leave Me Lonely	Ariana Grande, Macy Gray	Dangerous Woman	229680	Pop	10
6yL2kTsdVwYnGwPkKGtMd5	Everyday	Ariana Grande, Future	Dangerous Woman	194840	Pop	10
1FlYPPzFJUNh3KRE36pYbe	Sometimes	Ariana Grande	Dangerous Woman	226666	Pop	10
6j4w8O8gEseBUZTOo8vYMK	I Don't Care	Ariana Grande	Dangerous Woman	178026	Pop	10
1j0Rb762xxT0eccglHKsRv	Bad Decisions	Ariana Grande	Dangerous Woman	226426	Pop	10
7MGRcJy1saXKiphwqJBnRb	Touch It	Ariana Grande	Dangerous Woman	260000	Pop	10
2SUQGI9ztmp0PQd1J8SVHx	Knew Better / Forever Boy	Ariana Grande	Dangerous Woman	299213	Pop	10
6iOhd5wNnvvwGDEuNILvM5	Thinking Bout You	Ariana Grande	Dangerous Woman	200400	Pop	10
0v2LUO8oTHnkjQ8MmKuXyk	raindrops (an angel cried)	Ariana Grande	Sweetener	37640	Pop	10
4mLkiFppf8Xvem6BSY34qw	blazed (feat. Pharrell Williams)	Ariana Grande, Pharrell Williams	Sweetener	196360	Pop	10
0sdbFOyfgAhAhWq8DpzkaW	the light is coming (feat. Nicki Minaj)	Ariana Grande, Nicki Minaj	Sweetener	228373	Pop	10
1xWH8zYtDeS9mW1JJG23VZ	R.E.M	Ariana Grande	Sweetener	245666	Pop	10
5OCJzvD7sykQEKHH7qAC3C	God is a woman	Ariana Grande	Sweetener	197546	Pop	10
70khXICDeTTxgYtw3EysKH	sweetener	Ariana Grande	Sweetener	208493	Pop	10
5YeHLHDdQ4nKHk81XFWhCU	successful	Ariana Grande	Sweetener	227386	Pop	10
0WdR2AyLW1Drd3OUdwezM0	everytime	Ariana Grande	Sweetener	172106	Pop	10
4OafepJy2teCjYJbvFE60J	breathin	Ariana Grande	Sweetener	198160	Pop	10
2qT1uLXPVPzGgFOx4jtEuo	no tears left to cry	Ariana Grande	Sweetener	205920	Pop	10
4b7mLZQWsy0rLnrMtPA9fQ	borderline (feat. Missy Elliott)	Ariana Grande, Missy Elliott	Sweetener	177533	Pop	10
3NbTQ8ZbHU6MSEVUFAVCJ9	better off	Ariana Grande	Sweetener	171333	Pop	10
14kYOiFVPb7E7NfFbqhdln	goodnight n go	Ariana Grande	Sweetener	189506	Pop	10
0XOnMqLQDO89iAg7dWWwnG	pete davidson	Ariana Grande	Sweetener	73813	Pop	10
7u6DMPznGbpziuEgCE0JGQ	get well soon	Ariana Grande	Sweetener	322026	Pop	10
2s4fNa1Rqam7rGCSn9Gj1j	Make Up (feat. Ava Max)	Vice, Jason Derulo, Ava Max	Make Up (feat. Ava Max)	160838	Pop	10
0y9BfPlsevtBLOdKfaeyuK	Sweet but Psycho - Leon Lour Remix	Ava Max, Leon Lour	Sweet but Psycho Remixes	249729	Pop	10
6VOeGOO2IRtaLdytelFFHq	Sweet but Psycho - Morgan Page Remix	Ava Max, Morgan Page	Sweet but Psycho Remixes	226875	Pop	10
1wd9fQSyaJgzkhYRz3ilXf	Sweet but Psycho - Paul Morrell Remix	Ava Max, Paul Morrell	Sweet but Psycho Remixes	204786	Pop	10
7tl4f3AQwC1ZfHSEhMOWdu	The National Manthem	Little Mix	LM5 (Deluxe)	29520	Pop	10
222B3aljXx6fFwKmFjuBED	Woman Like Me (feat. Nicki Minaj)	Little Mix, Nicki Minaj	LM5 (Deluxe)	229720	Pop	10
5ecQ5IpXRvNgnsAuw40dOq	Think About Us	Little Mix	LM5 (Deluxe)	235146	Pop	10
6XkEw1h2Hq4fGnSm0JuSIs	Strip (feat. Sharaya J)	Little Mix, Sharaya J	LM5 (Deluxe)	199213	Pop	10
3xZ9W1VCQYMV7Vq8UV2lAq	Monster In Me	Little Mix	LM5 (Deluxe)	225053	Pop	10
1nIfDGW6LmzWwrx1cAX5ts	Joan of Arc	Little Mix	LM5 (Deluxe)	191760	Pop	10
5yFi22xR77stmM6Xshg7IH	Love a Girl Right	Little Mix	LM5 (Deluxe)	182880	Pop	10
2D3QYCDI7WrbSMbcIRRBdm	American Boy	Little Mix	LM5 (Deluxe)	191893	Pop	10
3Mvd9KPeMf2YQa1MiQGKmV	Told You So	Little Mix	LM5 (Deluxe)	192853	Pop	10
7IOuCLt770D8v0u3SVaDeI	Wasabi	Little Mix	LM5 (Deluxe)	154786	Pop	10
7KfHeaOXXwaUZAYHIRgWIi	More Than Words (feat. Kamille)	Little Mix, Kamille	LM5 (Deluxe)	198840	Pop	10
1IKzLByg2KGGUlvCDQKVJv	Motivate	Little Mix	LM5 (Deluxe)	201720	Pop	10
3j6w635W6AKCxt98kZ3RIv	Notice	Little Mix	LM5 (Deluxe)	214693	Pop	10
1HiNWMc7vmFVM5mdwrNKnO	The Cure	Little Mix	LM5 (Deluxe)	215333	Pop	10
6hSBGp2QEP8ogJQqF60UYD	Forget You Not	Little Mix	LM5 (Deluxe)	187253	Pop	10
3QKI38J8BZcTTF1HusbUKh	Woman's World	Little Mix	LM5 (Deluxe)	217746	Pop	10
0AHtRtFc0bZvnijTuKhfoX	The Cure (Stripped)	Little Mix	LM5 (Deluxe)	107773	Pop	10
7IZ7S595rr4Q3E1Zga1Jev	Only You	Cheat Codes, Little Mix	Only You	189401	Pop	10
6bqHegYlJ2ihL0rw3uW65e	Intro	Kygo	Cloud Nine	128546	Pop	10
5masKPHeAOVNgxdLebIcK7	Stole the Show	Kygo, Parson James	Cloud Nine	223186	Pop	10
3vRvuatWmKcHhxbv6choLR	Fiction (feat. Tom Odell)	Kygo, Tom Odell	Cloud Nine	243946	Pop	10
2Vhd5uZB4brKHmM0MNxkZo	Raging (feat. Kodaline)	Kygo, Kodaline	Cloud Nine	224486	Pop	10
1I8tHoNBFTuoJAlh4hfVVE	Firestone (feat. Conrad Sewell)	Kygo, Conrad Sewell	Cloud Nine	273684	Pop	10
5SAckbSHhNJ41b3bn5XwPL	Happy Birthday (feat. John Legend)	Kygo, John Legend	Cloud Nine	250466	Pop	10
12q7yTtyZfJjObmss6FQi3	I'm in Love (feat. James Vincent McMorrow)	Kygo, James Vincent McMorrow	Cloud Nine	212106	Pop	10
59JreAiZzOF6pB8nIqEi20	Oasis (feat. Foxes)	Kygo, Foxes	Cloud Nine	237920	Pop	10
5nQojVsRxImTExfSXQ9qU2	Not Alone (feat. RHODES)	Kygo, RHODES	Cloud Nine	205306	Pop	10
18YIDJGWXocUPFbAzTaq8g	Serious (feat. Matt Corby)	Kygo, Matt Corby	Cloud Nine	234093	Pop	10
2FiSTH0GYpIioUgjfzMIja	Stay (feat. Maty Noyes)	Kygo, Maty Noyes	Cloud Nine	239465	Pop	10
2fZW7ByWe46rGih0FtP2XK	Nothing Left (feat. Will Heard)	Kygo, Will Heard	Cloud Nine	236682	Pop	10
6PyxrogMU9imKqVtKx6840	Fragile	Kygo, Labrinth	Cloud Nine	230961	Pop	10
3FZEv9JddkjHNFiMVxJYpS	Carry Me (feat. Julia Michaels)	Kygo, Julia Michaels	Cloud Nine	233133	Pop	10
6HsbMH5Bgkp4QgAp7MVZ8z	For What It's Worth (feat. Angus & Julia Stone)	Kygo, Angus & Julia Stone	Cloud Nine	183106	Pop	10
6sonAwZ8ruHZVzdAwDYsfk	Never Let You Go (feat. John Newman)	Kygo, John Newman	Kids in Love	232906	Pop	10
4ODnJrz0C3AJ4DFv8YQhJ8	Sunrise (feat. Jason Walker)	Kygo, Jason Walker	Kids in Love	214826	Pop	10
52Lqdrj2yYAeFSTS2M24Si	Riding Shotgun (feat. Bonnie McKee)	Kygo, Oliver Nelson, Bonnie McKee	Kids in Love	198280	Pop	10
4sJqSKPc5fZ5OZ8JiVI44N	Stranger Things (feat. OneRepublic)	Kygo, OneRepublic	Kids in Love	221440	Pop	10
7gleE2w0CsjsWCs184n522	With You (feat. Wrabel)	Kygo, Wrabel	Kids in Love	210573	Pop	10
5nmHl233yo8XJvaNfdKAWU	Kids in Love (feat. The Night Game)	Kygo, The Night Game	Kids in Love	263400	Pop	10
2FrYyDemG5M15U4qFO0ezK	Permanent	Kygo, JHart	Kids in Love	228280	Pop	10
7ylOCfpjsuxM6w7W7b3W91	I See You (feat. Billy Raffoul)	Kygo, Billy Raffoul	Kids in Love	228706	Pop	10
6xTU6B6nFwKKTSZ9ySXS80	Remind Me to Forget	Kygo, Miguel	Kids in Love	217293	Pop	10
6CWIKEpJJjxLmcGhD8DN3T	Bungalow	Scott Helman	Augusta	212093	Pop	10
417Hd4yqa6felMfCaD75WJ	That Sweater	Scott Helman	Augusta	169480	Pop	10
6SgDipB3aLBZ6Hi7GNXWBc	Cry Cry Cry	Scott Helman	Augusta	198373	Pop	10
5bd7amccz6nBtODT3TgAZE	Machine	Scott Helman	Augusta	173906	Pop	10
5LasZN16DWtVHoEPP9wG8U	Tikka	Scott Helman	Augusta	237266	Pop	10
1LvEffas6a2O9vwRMCUQHT	The Lion	Scott Helman	Augusta	200613	Pop	10
55bWRulOSSuivkXJKNlx4r	Somewhere Sweet - Live	Scott Helman	Augusta	342426	Pop	10
78mOGcmvK8xMQK0kPJX5at	Intro	Scott Helman	Hôtel de Ville	106253	Pop	10
7f5ImRMaLR29GWlUxwqbsY	Kites	Scott Helman	Hôtel de Ville	191786	Pop	10
7of3eLR7wKUieYZQtRPHNv	Kinda Complicated	Scott Helman	Hôtel de Ville	181453	Pop	10
2qROUDWN1RCJoyiVSr6ifm	Sweet Tooth	Scott Helman	Hôtel de Ville	201524	Pop	10
2L20yholXnxJK0FRpRr12D	21 Days	Scott Helman	Hôtel de Ville	215540	Pop	10
1M7qITm14RSN4md3l9ZPIS	Ripple Effect	Scott Helman	Hôtel de Ville	202440	Pop	10
0McHs6nTKPGqNb7Ul1nQtO	PDA	Scott Helman	Hôtel de Ville	213520	Pop	10
3SYPu5w0ZgV6Dl5OZzzLGw	Chinese Restaurant	Scott Helman	Hôtel de Ville	181093	Pop	10
31yZ58T7vxeuOHr2BL2GXn	Gaslight	Scott Helman	Hôtel de Ville	218400	Pop	10
5f6SKolsGLCCtx4vtBAGGG	You Made Her	Scott Helman	Hôtel de Ville	193960	Pop	10
4TSaQeXkKjZxng5HtTyNBN	Origami	Scott Helman	Hôtel de Ville	172600	Pop	10
0NzsREF34BgxwKgy7tkRBb	House Key	Scott Helman	Hôtel de Ville	205320	Pop	10
5nIjOnMbC0QDMrYFLGx0yV	BOOMBAYAH	BLACKPINK	BLACKPINK IN YOUR AREA	240613	Pop	10
3sgrwjWNJy753U30irIdEN	WHISTLE	BLACKPINK	BLACKPINK IN YOUR AREA	211373	Pop	10
29x3S9kmzTGHswtjSVeUPr	PLAYING WITH FIRE	BLACKPINK	BLACKPINK IN YOUR AREA	195986	Pop	10
4AESxPBujvuBbCAfBuA2sq	STAY	BLACKPINK	BLACKPINK IN YOUR AREA	230760	Pop	10
5DVgfulxeJZJYc8FseyfUf	AS IF IT’S YOUR LAST	BLACKPINK	BLACKPINK IN YOUR AREA	212266	Pop	10
4jUEHIrc443f743JbyLN0y	DDU-DU DDU-DU	BLACKPINK	BLACKPINK IN YOUR AREA	209493	Pop	10
02h4inVwwNX1cMuGCDtsgV	FOREVER YOUNG	BLACKPINK	BLACKPINK IN YOUR AREA	237146	Pop	10
6OKXcx7tClGAS0o2cOTl2v	REALLY	BLACKPINK	BLACKPINK IN YOUR AREA	197360	Pop	10
7IS4NciwYPs1wMywOKx69z	SEE U LATER	BLACKPINK	BLACKPINK IN YOUR AREA	199933	Pop	10
4P76CEIXrrWT2cgS1YrTMr	Genesis	Dua Lipa	Dua Lipa (Deluxe)	205720	Pop	10
2OWKDTonST8HNko3dBlPPp	Lost In Your Light (feat. Miguel)	Dua Lipa, Miguel	Dua Lipa (Deluxe)	203769	Pop	10
5eTNdkstwKaNahHf41fJ9u	Hotter Than Hell	Dua Lipa	Dua Lipa (Deluxe)	187957	Pop	10
7FCfMXYTIiQ9b4hDYs4Iol	Be The One	Dua Lipa	Dua Lipa (Deluxe)	202914	Pop	10
76cy1WJvNGJTj78UqeA5zr	IDGAF	Dua Lipa	Dua Lipa (Deluxe)	217946	Pop	10
2eAAEa8pxKF7My0EO4rFgR	Blow Your Mind (Mwah)	Dua Lipa	Dua Lipa (Deluxe)	178583	Pop	10
1mxaufUe16G9wOoG9ptUqr	Garden	Dua Lipa	Dua Lipa (Deluxe)	227946	Pop	10
0mDGNetRxywxqgiXFbagZh	No Goodbyes	Dua Lipa	Dua Lipa (Deluxe)	216080	Pop	10
0gtSPYz0OHoF7k09Auq1uC	Thinking 'Bout You	Dua Lipa	Dua Lipa (Deluxe)	171946	Pop	10
2ekn2ttSfGqwhhate0LSR0	New Rules	Dua Lipa	Dua Lipa (Deluxe)	209320	Pop	10
4wNQAG2BzbVkLhdajjxGpR	Begging	Dua Lipa	Dua Lipa (Deluxe)	194106	Pop	10
5E5MqaS6eOsbaJibl3YeMZ	Homesick	Dua Lipa	Dua Lipa (Deluxe)	230480	Pop	10
2qxagPKgS2Wc05MLmJucBE	Dreams	Dua Lipa	Dua Lipa (Deluxe)	220240	Pop	10
4isCUHcZJs0o8niODly6qc	Room For 2	Dua Lipa	Dua Lipa (Deluxe)	208689	Pop	10
2qES7NEo0DCDvi707VS3HC	New Love	Dua Lipa	Dua Lipa (Deluxe)	271934	Pop	10
0LwbO2KIQw1uR2FCqwaKAu	Bad Together	Dua Lipa	Dua Lipa (Deluxe)	238826	Pop	10
1oXHXIB8rHgwHSsPRNjEzn	Last Dance	Dua Lipa	Dua Lipa (Deluxe)	228976	Pop	10
1qrqzZJcdo6EHybjc9VzgT	Drink To You	Jonas Blue, Zak Abel	Blue	210120	Pop	10
4UYYgQufzw5Ep8Vm4wMC61	Mama	Jonas Blue, William Singe	Blue	184133	Pop	10
3nhmni2lW0t0eVBXEQAAyF	Perfect Strangers	Jonas Blue, JP Cooper	Blue	196613	Pop	10
58eLx9LDR8irET0kvbTtYI	I See Love	Jonas Blue, Joe Jonas	Blue	173220	Pop	10
6XqvFyJGdUD5IWee02ARKU	Polaroid	Jonas Blue, Liam Payne, Lennon Stella	Blue	193377	Pop	10
3xedUMmvyMKuk5WONBkCth	Desperate	Jonas Blue, Nina Nesbitt	Blue	174066	Pop	10
179OogGLVbBoebZpwz2wOi	By Your Side	Jonas Blue, RAYE	Blue	201254	Pop	10
1kefJuoRQ1cSCTH7Y7ZHhX	Wild	Jonas Blue, Chelcee Grimes, TINI, Jhay Cortez	Blue	212640	Pop	10
14nIFzHQf1OBWf6VHVR8DF	Wherever You Go	Jonas Blue, Jessie Reyez, Juan Magán	Blue	208946	Pop	10
7ioRT9xpD2XZG54p0vxj8y	Purpose	Jonas Blue, Era Istrefi	Blue	170120	Pop	10
3KLygy1YWhmrQx0GRs7IOx	Rise	Jonas Blue, Jack & Jack	Blue	194407	Pop	10
2gCAnhP04rOjVSmApKLJBj	Supernova	Jonas Blue, Charlotte OC, Dark Heart	Blue	187306	Pop	10
1oy5hjUToak0nyrSR2oMz3	We Could Go Back	Jonas Blue, Moelogo	Blue	192449	Pop	10
4rShMirOYVlGqGBlXAyAo3	Come Through	Jonas Blue, Kaskade, Olivia Noelle	Blue	178200	Pop	10
3Uoe0ZdEy9lLrXj1HhXx9H	Fast Car	Jonas Blue, Dakota	Blue	212424	Pop	10
3g4if5OWydcXaYoVtSXXwQ	Intro	R3HAB	Trouble	83368	Pop	10
4exKBPywrjt5lTMhBhpD1G	Trouble	R3HAB, VÉRITÉ	Trouble	173203	Pop	10
3gfmFoJgmn9LiIj5mV8oSS	I Just Can't	R3HAB, Quintino	Trouble	156000	Pop	10
4OADAMgbdaks8IINmnyH6m	Don't Stop (Interlude)	R3HAB	Trouble	34627	Pop	10
7rrYse9eSla1ehw76NnWdq	Talking to You	R3HAB, Rynn	Trouble	163601	Pop	10
1hPfhLeUCo1ltQLXjYkhp4	You Could Be	R3HAB, Khrebto	Trouble	160285	Pop	10
60jAqEHbHqkwWTkCIdmgFe	Catch Me (Interlude)	R3HAB	Trouble	41600	Pop	10
1zNKrNBtDPje8fIodmzDOR	Shanghai	R3HAB, Waysons	Trouble	171200	Pop	10
4OGN0Aq7FIuwsxhmSfd803	Truth or Dare	R3HAB, Little Daylight	Trouble	150618	Pop	10
0Ryiv4W3td0jYBmuAKxHTu	Icarus	R3HAB	Trouble	192255	Pop	10
5euMoQnPqmmftjvqsMP3pY	Burned (Interlude)	R3HAB	Trouble	32727	Pop	10
3NWk8jDkXYc0G5U8eKnuBu	Hold Me	R3HAB	Trouble	160758	Pop	10
2809JajDHqH4QeQ3H8DP7s	Killing Time	R3HAB, Felix Cartal	Trouble	193142	Pop	10
1B6J0gMf0XZLC1ILFzIHj9	Hallucinations	R3HAB, R I T U A L	Trouble	176065	Pop	10
4RZwdl43FRKZ59w58UmGmq	Sahara (Interlude)	R3HAB	Trouble	56705	Pop	10
4Jp79uh7FDCzkSEr88zdjm	Marrakech	R3HAB, Skytech	Trouble	164769	Pop	10
5l4UNxHKSNEZMMdvPmHrg2	Outro	R3HAB	Trouble	63272	Pop	10
7pqgMEKsDMOHUdFQ7n0N9K	Dangerous (feat. Sam Martin)	David Guetta, Sam Martin	Listen	203641	Pop	10
1YRjRHdl0aEtzHEn1uGi8k	What I Did For Love (feat. Emeli Sandé)	David Guetta, Emeli Sandé	Listen	207200	Pop	10
5I1QXv0dEydyRIPOo2MO9l	No Money no Love (feat. Elliphant & Ms. Dynamite)	David Guetta, Showtek, Elliphant, Ms. Dynamite	Listen	237720	Pop	10
2rgtCOVK2tpfao2VjURn84	Lovers on the Sun (feat. Sam Martin)	David Guetta, Sam Martin	Listen	203520	Pop	10
4IyTNlvWHiMxDdZ4Ii5hnA	Goodbye Friend (feat. The Script)	David Guetta, The Script	Listen	229253	Pop	10
2YgD8aDme4OP5kPIp7PCZy	Lift me up (feat. Nico & Vinz, Ladysmith Black Mambazo)	David Guetta, Ladysmith Black Mambazo, Nico & Vinz	Listen	238346	Pop	10
61hXfKJVSytvEgXSFfdjCT	Listen (feat. John Legend)	David Guetta, John Legend	Listen	226586	Pop	10
3kJRBUfW9qhYkWnlIBFAMw	Bang my Head (feat. Sia)	David Guetta, Sia	Listen	233266	Pop	10
6CZh6hYZajOjpEcPmnRMnt	Yesterday (feat.Bebe Rexha)	David Guetta, Bebe Rexha	Listen	243280	Pop	10
285HeuLxsngjFn4GGegGNm	Hey Mama (feat. Nicki Minaj, Bebe Rexha & Afrojack)	David Guetta, Nicki Minaj, Bebe Rexha, Afrojack	Listen	192560	Pop	10
1JI77eVbrOtdHOsLK4G1Mq	Sun Goes Down (feat. MAGIC! & Sonny Wilson)	David Guetta, Showtek, MAGIC!, Sonny Wilson	Listen	211866	Pop	10
37TgrDSXlOQI1mAqASPI7F	S.T.O.P (feat. Ryan Tedder)	David Guetta, Ryan Tedder	Listen	214573	Pop	10
1MtHnqURYyTeeMKur7qd0E	I'll Keep Loving you (feat. Birdy & Jaymes Young)	David Guetta, Birdy, Jaymes Young	Listen	188906	Pop	10
4J1DXVKlC7h5wSgeuULPYh	The Whisperer (feat. Sia)	David Guetta, Sia	Listen	234666	Pop	10
6eIacmhkE82vZlMDnGS7aP	Bad (feat. Vassy) - Radio Edit	David Guetta, Showtek, VASSY	Listen	170625	Pop	10
31RuuWQ8XpyLNp5iKMyxWq	Rise (feat. Skylar Grey)	David Guetta, Skylar Grey	Listen	235384	Pop	10
6qVXkG01rBYGfxIndGOQ3z	Shot me Down (feat. Skylar Grey) - Radio Edit	David Guetta, Skylar Grey	Listen	191412	Pop	10
1FkbBFzuPskyOvIoipKug5	Dangerous (feat. Sam Martin) - Robin Schulz Remix; Radio Edit	David Guetta, Sam Martin, Robin Schulz	Listen	200869	Pop	10
4uZBBwJwTJeL3Swlk2ufLr	Don't Leave Me Alone (feat. Anne-Marie)	David Guetta, Anne-Marie	7	184311	Pop	10
2AVDEZJKknfUOIEipw63D6	Battle (feat. Faouzia)	David Guetta, Faouzia	7	163866	Pop	10
3tTYxjYYcXFqFXA0AZ1Fav	Flames	David Guetta, Sia	7	195000	Pop	10
0PD9aZgXDHvQIe80xW0fno	Blame It On Love (feat. Madison Beer)	David Guetta, Madison Beer	7	207146	Pop	10
3MoV1UsAJmz64LHqyiRMp0	Say My Name	David Guetta, Bebe Rexha, J Balvin	7	198946	Pop	10
1wvSHWV0Z3wX5TrjWXTmTI	Goodbye (feat. Nicki Minaj & Willy William)	Jason Derulo, David Guetta, Nicki Minaj, Willy William	7	195419	Pop	10
2AWhMNiapSSnxP3TB1dt4a	I'm That Bitch (feat. Saweetie)	David Guetta, Saweetie	7	194626	Pop	10
03IBnHJvOQBr4dy3RguAph	Like I Do	David Guetta, Martin Garrix, Brooks	7	201560	Pop	10
762UXiwEHYY97VL45sAUPR	2U	David Guetta, Justin Bieber	2U	194906	Pop	10
6cFbC4iK69ZM9em1EolL12	She Knows How To Love Me (feat. Jess Glynne & Stefflon Don)	David Guetta, Jess Glynne, Stefflon Don	7	181733	Pop	10
4LvXQDy62I5MD6JEBZcDXS	Motto (feat. Lil Uzi Vert, G-Eazy & Mally Mall)	David Guetta, Steve Aoki, Lil Uzi Vert, G-Eazy, Mally Mall	7	149520	Pop	10
6X7PK2UQMUU36ux9pynSkV	Drive (feat. Delilah Montagu) - Edit	Black Coffee, David Guetta, Delilah Montagu	Drive (feat. Delilah Montagu)	191258	Pop	10
2Gy4jUcTYeFsz4TmavpKYd	Para que te quedes (feat. J Balvin)	David Guetta, J Balvin	7	178080	Pop	10
01qMOMudbkIHZS9BFPUGNk	Let It Be Me (feat. Ava Max)	David Guetta, Ava Max	7	172933	Pop	10
7ruWjzDQymWE7oJfQB9Sj6	Light Headed	David Guetta, Sia	7	178720	Pop	10
1BrtvxRcSpR9GyKzkOY3VY	Reach For Me	Jack Back	7	227040	Pop	10
1tNuMRxcaCOdtBB55PhArG	Freedom	David Guetta, CeCe Rogers	7	235160	Pop	10
3fiOVMed1MjJvNrEMWsYN5	Grenade	Jack Back	7	212893	Pop	10
54GggX1zLUiFYf7ThoJg3l	Inferno	Jack Back	7	189373	Pop	10
08YnHPJV403GzBMvyrUVPq	Overtone	Jack Back	7	216186	Pop	10
5mSW1ciUfAMWn7Hq7zHQkv	Back and Forth	Jack Back	7	205160	Pop	10
3UI2PkRcodlPz5tgoKoI9y	Pelican	Jack Back	7	206826	Pop	10
0NuDwQbESv6e4CnkGaDZrt	Afterglow	Jack Back	7	206546	Pop	10
52Wos2ElRt3y0LzUwhJ8Zb	Think Think Think	Jack Back	7	221240	Pop	10
2I55yXXVPFq1pFfVLzK3UR	Orion	Jack Back	7	232120	Pop	10
04669ewO9hOqQsIrb9j2Qq	What 2 Say	Jack Back	7	216573	Pop	10
14OWRWKwRWvEgaNxyxsm4d	Just a Little More Love (feat. Chris Willis) - Jack Back 2018 Remix	David Guetta, Chris Willis, Jack Back	7	204386	Pop	10
2cvFLZPAQoGeQnIRPt2LHE	MiNd Of MiNdd (Intro)	ZAYN	Mind Of Mine (Deluxe Edition)	57320	Pop	10
0PDUDa38GO8lMxLCRc4lL1	PILLOWTALK	ZAYN	Mind Of Mine (Deluxe Edition)	202746	Pop	10
6dtWKqqdveI3YvdYJQKWWn	iT's YoU	ZAYN	Mind Of Mine (Deluxe Edition)	226653	Pop	10
7ofgPlilLgcw6G7fd2zNpT	BeFoUr	ZAYN	Mind Of Mine (Deluxe Edition)	208920	Pop	10
48qaQk75LoWs5qgsZgbkA5	sHe	ZAYN	Mind Of Mine (Deluxe Edition)	189960	Pop	10
0TC3wZupelwzKhuueGSGZu	dRuNk	ZAYN	Mind Of Mine (Deluxe Edition)	205786	Pop	10
6dq1fUiJe6BiBORZtb9TxZ	INTERMISSION: fLoWer	ZAYN	Mind Of Mine (Deluxe Edition)	104240	Pop	10
6LWS6iYUZKYHNl2VwNytpo	rEaR vIeW	ZAYN	Mind Of Mine (Deluxe Edition)	201293	Pop	10
7iCeaYJSEdGWeFNTAEqUzJ	wRoNg	ZAYN, Kehlani	Mind Of Mine (Deluxe Edition)	212746	Pop	10
6lvsJDZ7336YmpBzcNGhbe	fOoL fOr YoU	ZAYN	Mind Of Mine (Deluxe Edition)	202213	Pop	10
3MpdgSxThlICp5LSsZejGf	BoRdErSz	ZAYN	Mind Of Mine (Deluxe Edition)	239200	Pop	10
7xJzcq1r4F1ryMujB1Caqq	tRuTh	ZAYN	Mind Of Mine (Deluxe Edition)	245253	Pop	10
26PFSyfXPYz6NcWbtM5Cst	lUcOzAdE	ZAYN	Mind Of Mine (Deluxe Edition)	252640	Pop	10
7jKdgYPDj6AxVU2wk9muN1	TiO	ZAYN	Mind Of Mine (Deluxe Edition)	178693	Pop	10
1LLIkqUK19oJXHozT5PJ3B	BLUE	ZAYN	Mind Of Mine (Deluxe Edition)	224320	Pop	10
1V7dfxBuI7pOysGAKm6w3S	BRIGHT	ZAYN	Mind Of Mine (Deluxe Edition)	176333	Pop	10
1zWMf9bVyhY5W3ZORbjNWt	LIKE I WOULD	ZAYN	Mind Of Mine (Deluxe Edition)	192133	Pop	10
4MaOXwqSgiwgngbeYePmu8	SHE DON'T LOVE ME	ZAYN	Mind Of Mine (Deluxe Edition)	255040	Pop	10
1Uw2ZFb7B4d3Rz9xv4Rrf4	Let Me	ZAYN	Icarus Falls	185373	Pop	10
0ubgPdVdSSp0n2l4pLIeB2	Natural	ZAYN	Icarus Falls	193186	Pop	10
7HwaFaAYFuMpUWAIVjB5hj	Back To Life	ZAYN	Icarus Falls	195466	Pop	10
39s9tdp3VpUpPtDxnda0d5	Common	ZAYN	Icarus Falls	232520	Pop	10
2y4C7yxLi2xAfIdUDNCoxQ	Imprint	ZAYN	Icarus Falls	190120	Pop	10
0UGBBgsmcgpLTvhBfMWk5O	Stand Still	ZAYN	Icarus Falls	198480	Pop	10
5rinLvgqv31pWEcjtqwtRY	Tonight	ZAYN	Icarus Falls	220720	Pop	10
5PBsmRHLRDBjcRyvb78icW	Flight Of The Stars	ZAYN	Icarus Falls	200546	Pop	10
27qK80LMURSWeYNbNG0YWO	If I Got You	ZAYN	Icarus Falls	199906	Pop	10
0EfTBWPcshDFcbI48VuqhJ	Talk To Me	ZAYN	Icarus Falls	180426	Pop	10
7MmnLaftYzin7boRbplKdA	There You Are	ZAYN	Icarus Falls	199600	Pop	10
4bPnX0NzKZ016kZDD0WdcO	I Don't Mind	ZAYN	Icarus Falls	205413	Pop	10
2GQpWGzS8N5BKsrNdqAAYG	Icarus Interlude	ZAYN	Icarus Falls	241653	Pop	10
349S6nmGo2OSDOr4760QT4	Good Guy	ZAYN	Icarus Falls	154800	Pop	10
1bZsRXW44Hgkr9wDJ4PKE0	You Wish You Knew	ZAYN	Icarus Falls	205573	Pop	10
19Mp7IvFfaWu4LDBsxon4P	Sour Diesel	ZAYN	Icarus Falls	243946	Pop	10
6yYDsN0BRy6Ef2VpVCwJaH	Satisfaction	ZAYN	Icarus Falls	208000	Pop	10
4lBTwYz5ZhcF6G7u2pPLtG	Scripted	ZAYN	Icarus Falls	221520	Pop	10
6kjKRa91zikS6ZOL2Rt1QF	Entertainer	ZAYN	Icarus Falls	202600	Pop	10
0K1MHDfgPizbebJZkfS47S	All That	ZAYN	Icarus Falls	199400	Pop	10
7E36KTd5Wcf3t3I4hmcSvK	Good Years	ZAYN	Icarus Falls	180120	Pop	10
4ijn493I1pc5BnxN59DTHt	Fresh Air	ZAYN	Icarus Falls	168040	Pop	10
6mXRWXFzT0tXp2EYvkosqj	Rainberry	ZAYN	Icarus Falls	171133	Pop	10
6ncktALa56mtlhkA1Ko3Tq	Insomnia	ZAYN	Icarus Falls	175773	Pop	10
0yChzgxfOGJvl8dtrI4Imu	No Candle No Light (feat. Nicki Minaj)	ZAYN, Nicki Minaj	Icarus Falls	195026	Pop	10
00wyFkzeyMt0qsiQvs9aUE	Fingers	ZAYN	Icarus Falls	171240	Pop	10
0rNww8PLCIrZLPz001SPI1	Too Much (feat. Timbaland)	ZAYN, Timbaland	Icarus Falls	187160	Pop	10
2QZ7WLBE8h2y1Y5Fb8RYbH	In My Blood	Shawn Mendes	Shawn Mendes	211360	Pop	10
5EYBryPOgIEPB7r5QIy6eG	Fallin' All In You	Shawn Mendes	Shawn Mendes	235746	Pop	10
376Gg7Oxo5C5jUWDWpVXeI	Where Were You In The Morning?	Shawn Mendes	Shawn Mendes	200600	Pop	10
5wxurz8J6YlyQRNnGN8zXS	Nervous	Shawn Mendes	Shawn Mendes	164146	Pop	10
2IssBpPtHcViZL5vYQNHhA	Like To Be You (feat. Julia Michaels)	Shawn Mendes, Julia Michaels	Shawn Mendes	159400	Pop	10
79esEXlqqmq0GPz0xQSZTV	Lost In Japan	Shawn Mendes	Shawn Mendes	201200	Pop	10
4BH9zDv1Ys6kw0j3lU1hTx	Particular Taste	Shawn Mendes	Shawn Mendes	175573	Pop	10
1RRZSm4akqNyMOsPUhw4cb	Because I Had You	Shawn Mendes	Shawn Mendes	142480	Pop	10
3XeqINnregzwBJNg7RyyH4	Why	Shawn Mendes	Shawn Mendes	238173	Pop	10
1h0yImRPIVAjhhHeNVlTuC	Youth (feat. Khalid)	Shawn Mendes, Khalid	Shawn Mendes	190866	Pop	10
6D8FZWtCQRtQUVT3mpjrZs	Queen	Shawn Mendes	Shawn Mendes	204693	Pop	10
6nat4Z7iRKWVk1qngQqI0Q	Perfectly Wrong	Shawn Mendes	Shawn Mendes	212773	Pop	10
5gW3kI83886nVV9apaFLWu	Mutual	Shawn Mendes	Shawn Mendes	148360	Pop	10
6bNcbh4SxQDU0BHa4Dj3wx	When You're Ready	Shawn Mendes	Shawn Mendes	169586	Pop	10
7JJmb5XwzOO8jgpou264Ml	There's Nothing Holdin' Me Back	Shawn Mendes	Illuminate (Deluxe)	199440	Pop	10
7FUXL9fOmUeZFGXvL5cYkR	Ruin	Shawn Mendes	Illuminate (Deluxe)	241893	Pop	10
0AS63m1wHv9n4VVRizK6Hc	Mercy	Shawn Mendes	Illuminate (Deluxe)	208733	Pop	10
48DKpTEVJ2pAjxQbWTad3q	Treat You Better	Shawn Mendes	Illuminate (Deluxe)	187973	Pop	10
1Tt5Leqvv6OawH2jth05Rw	Three Empty Words	Shawn Mendes	Illuminate (Deluxe)	199013	Pop	10
7msCKNrI0vZw9H4MIgLnAh	Don't Be A Fool	Shawn Mendes	Illuminate (Deluxe)	215773	Pop	10
3Qwd9wK176KgmorU7fCW6S	Like This	Shawn Mendes	Illuminate (Deluxe)	186946	Pop	10
3gnDoaJUgD9Bblzld77Kcp	No Promises	Shawn Mendes	Illuminate (Deluxe)	166053	Pop	10
348cSuo1eooBe21AzdjAqy	Lights On	Shawn Mendes	Illuminate (Deluxe)	201440	Pop	10
64GT5ReOko7xx6Nc7D8JsS	Honest	Shawn Mendes	Illuminate (Deluxe)	199186	Pop	10
0JZ9lcwFcAscMpy1YxUtpW	Patience	Shawn Mendes	Illuminate (Deluxe)	175253	Pop	10
3SBAb63Bjv98ZqfAvP9aK8	Bad Reputation	Shawn Mendes	Illuminate (Deluxe)	198226	Pop	10
4IiHCtnfw8tZasAeocWqVe	Understand	Shawn Mendes	Illuminate (Deluxe)	300973	Pop	10
66P8MvPsqu5sN0UgzLYZrf	Hold On	Shawn Mendes	Illuminate (Deluxe)	199546	Pop	10
4uzUuDjoufcBXYZ27CsLIF	Roses	Shawn Mendes	Illuminate (Deluxe)	232200	Pop	10
0uZnF1sn2IcNCvnyAIKNMQ	Mercy - Acoustic	Shawn Mendes	Illuminate (Deluxe)	219160	Pop	10
5zEGGvSNvq69CttD8hECQu	Heavy	Jeremy Zucker	Motions	192053	Pop	10
2XbcltKrNtMSdVjaoFYVfO	Keep My Head Afloat	Jeremy Zucker	Motions	206946	Pop	10
2mSrVZsSKn2Ye5f0YuAbMh	Idk Love	Jeremy Zucker	Motions	140360	Pop	10
5rMj5GEHELIWCoKIVoqhoB	Sinking	Jeremy Zucker	Motions	214173	Pop	10
6lY38FkInSA0QVHRb1PiEy	Shut Your Mouth	Jeremy Zucker	Motions	231160	Pop	10
60cWtMENrHp27WCevWGyya	Stay Quiet	Jeremy Zucker	Motions	267973	Pop	10
1Y3gHno5oVeBYk2YOccgX2	Man Down	Jeremy Zucker	Motions	166933	Pop	10
3vzT5SNVL3vaDeAgnG9QhF	Upside Down	Jeremy Zucker, Daniel James 	Motions	169386	Pop	10
2SnNaoNhMjC1WRMTWD8qTX	Mark My Words	Justin Bieber	Purpose (Deluxe)	134346	Pop	10
0SNIAtRCPVVLoGEPcuHSIc	I'll Show You	Justin Bieber	Purpose (Deluxe)	199946	Pop	10
4B0JvthVoAAuygILe3n4Bs	What Do You Mean?	Justin Bieber	Purpose (Deluxe)	205680	Pop	10
09CtPGIpYB4BrO8qb1RGsF	Sorry	Justin Bieber	Purpose (Deluxe)	200786	Pop	10
50kpGaPAhYJ3sGmk6vplg0	Love Yourself	Justin Bieber	Purpose (Deluxe)	233720	Pop	10
61uyGDPJ06MkxJtHgPmuyO	Company	Justin Bieber	Purpose (Deluxe)	208120	Pop	10
23UV8pJEvRnAZd6ZAXBC0H	No Pressure	Justin Bieber, Big Sean	Purpose (Deluxe)	286853	Pop	10
5L9WFUodzACitS1TiGm7Mi	No Sense	Justin Bieber, Travis Scott	Purpose (Deluxe)	275040	Pop	10
7E390nZTMqEbrNC1TmHd42	The Feeling	Justin Bieber, Halsey	Purpose (Deluxe)	244906	Pop	10
4yWCzA44dQyp0SoeM81bUb	Life Is Worth Living	Justin Bieber	Purpose (Deluxe)	234786	Pop	10
66hayvUbTotekKU3H4ta1f	Where Are Ü Now (with Justin Bieber)	Jack Ü, Skrillex, Diplo, Justin Bieber	Skrillex and Diplo present Jack Ü	250285	Pop	10
7sK3nu6yk8urQ44ouEB7Au	Children	Justin Bieber	Purpose (Deluxe)	223333	Pop	10
2IjyFRCRn8x1bEquOM3vxg	Purpose	Justin Bieber	Purpose (Deluxe)	210160	Pop	10
6gcA4zzG6FnMEgPSDKbAMs	Been You	Justin Bieber	Purpose (Deluxe)	199226	Pop	10
4AMnUGvZUVJgDuY7rOPzUZ	Get Used To It	Justin Bieber	Purpose (Deluxe)	238133	Pop	10
1m6FkAtWVloxIRHKl7pBDP	We Are	Justin Bieber, Nas	Purpose (Deluxe)	202960	Pop	10
00IH8ZjI9ZGB51WRX1Oesj	Trust	Justin Bieber	Purpose (Deluxe)	203613	Pop	10
4kP50JQmyFrl9pLSmnFPZr	All In It	Justin Bieber	Purpose (Deluxe)	231413	Pop	10
5YNf9s8WE3iF33YaFNrgpa	What Do You Mean? - Acoustic	Justin Bieber	Purpose (Deluxe)	203800	Pop	10
2GCKWEsbb0Xo1oodTOKVi1	Heartbreaker	Justin Bieber	Journals	262840	Pop	10
6CLVh9sekZ1p2G8Tfhhj8h	All That Matters	Justin Bieber	Journals	191173	Pop	10
71g1UlX2OtS9axwBIBa5Zm	Hold Tight	Justin Bieber	Journals	254213	Pop	10
6pFqCPdvm6C9IHbJrEu8aG	Recovery	Justin Bieber	Journals	182373	Pop	10
4VAngYbLewVFpcLR9FpYfR	Bad Day	Justin Bieber	Journals	145680	Pop	10
3JNEXPTnSxqlxNqhTW61D2	All Bad	Justin Bieber	Journals	182746	Pop	10
2GxCTEXhba060skpicYxTk	PYD	Justin Bieber, R. Kelly	Journals	317200	Pop	10
18ws4dUbhpoGB7Uv7U89yp	Roller Coaster	Justin Bieber	Journals	201613	Pop	10
5cn4RhNZPPjt0onhqUMEfa	Change Me	Justin Bieber	Journals	167320	Pop	10
3JsydWaf2Ev4ehaLUjj3SY	Confident	Justin Bieber, Chance the Rapper	Journals	248133	Pop	10
3MptiayBkOJblyC8geSXPE	One Life	Justin Bieber	Journals	242813	Pop	10
0jX97Hk6L8ImeVdTTWXZ2D	Backpack	Justin Bieber, Lil Wayne	Journals	251480	Pop	10
1p5M91qghUkzS4gwuMM22B	What's Hatnin'	Justin Bieber, Future	Journals	208533	Pop	10
3wyrAqvuBzF3iCRzKkiTS5	Swap It Out	Justin Bieber	Journals	240533	Pop	10
5qHcOrOMSznBWzR8Xy1WYZ	Memphis	Justin Bieber, Big Sean	Journals	223866	Pop	10
2GBgiuXwY1KzJMA0gSAr9J	Flatline	Justin Bieber	Journals	219346	Pop	10